title,tag,release_time
大红包,喜剧,2021-01-22
送你一朵小红花,剧情／家庭,2020-12-31
晴雅集,奇幻／爱情／剧情,2020-12-25
吉祥如意,剧情／家庭,2021-01-29
许愿神龙,动画／喜剧／奇幻,2021-01-15
心灵奇旅,动画／喜剧／冒险,2020-12-25
温暖的抱抱,喜剧,2020-12-31
鬼灭之刃 剧场版 无限列车篇,动画,2020-10-16
武汉日夜,纪录片,2021-01-22
我和我的家乡,剧情／喜剧,2020-10-01
如果声音不记得,爱情／青春／奇幻,2020-12-04
拆弹专家2,动作／犯罪,2020-12-24
缉魂,犯罪／悬疑／科幻,2021-01-15
极速超越,运动,待定
我的初恋十八岁,爱情／青春,待定
紧急救援,剧情／灾难／动作,2020-12-18
崖上的波妞,动画／奇幻／冒险,2020-12-31
叱咤风云,爱情／剧情／动作,2021-01-15
沐浴之王,喜剧／动作,2020-12-11
小伟,剧情,2021-01-22
温泉屋的小老板娘,动画／奇幻／剧情,2021-01-29
唐人街探案2,喜剧／动作／悬疑,2018-02-16
疯狂原始人2,喜剧／动画／冒险,2020-11-27
明天你是否依然爱我,剧情／爱情,2020-12-24
陈果未命名恐怖片,恐怖,2020
点点星光,剧情／运动／儿童,2021-01-15
海底小纵队：火焰之环,动画／奇幻／冒险,2021-01-08
天堂的张望,剧情,2020-11-20
鬼灭之刃 兄妹的羁绊,动作／动画／惊悚／奇幻,2019-03-29
命运之夜——天之杯3：春之歌,剧情／动画／奇幻,2020-08-15
